{
	"degree": [
		0.13333333333333333,
		0.13333333333333333,
		0.13333333333333333,
		0.2,
		0.2,
		0.13333333333333333,
		0.2,
		0.13333333333333333,
		0.13333333333333333,
		0.06666666666666667,
		0.13333333333333333,
		0.13333333333333333,
		0.2,
		0.2,
		0.13333333333333333,
		0.13333333333333333
	],
	"BC": [
		0.03571428571428571,
		0.06785714285714285,
		0.10119047619047619,
		0.13214285714285715,
		0.2357142857142857,
		0.25476190476190474,
		0.37142857142857144,
		0.37857142857142856,
		0.38333333333333336,
		0.38571428571428573,
		0.039285714285714285,
		0.07380952380952381,
		0.10595238095238095,
		0.060714285714285714,
		0.0880952380952381,
		0.1130952380952381
	],
	"BC'": [
		0,
		0.021031746031746033,
		0.055952380952380955,
		0.0884920634920635,
		0.14087301587301587,
		0.16865079365079363,
		0.38650793650793647,
		0.3936507936507936,
		0.3984126984126984,
		0.4007936507936508,
		0.014682539682539682,
		0.0503968253968254,
		0.08373015873015874,
		0.09246031746031745,
		0.12817460317460316,
		0.1615079365079365
	],
	"CC": [
		0.1728395061728395,
		0.14736842105263157,
		0.16091954022988506,
		0.1794871794871795,
		0.175,
		0.2028985507246377,
		0.24561403508771928,
		0.3181818181818182,
		0.4666666666666667,
		0.9333333333333333,
		0.14736842105263157,
		0.16091954022988506,
		0.1794871794871795,
		0.15555555555555556,
		0.175,
		0.2028985507246377
	],
	"CC'": [
		0.41296587491506,
		0.1467375738795106,
		0.20301408501034737,
		0.43050140346602545,
		0.36486758698426536,
		0.46074725064833527,
		0.5887550572910422,
		0.6949962979130885,
		0.9877553978494624,
		0.7526881720430109,
		0.21665265577838125,
		0.20301408501034737,
		0.43050140346602545,
		0.2520743315867736,
		0.36486758698426536,
		0.46074725064833527
	],
	"IEC": [
		0.6437475,
		0.09986958846225001,
		0.1109467237361289,
		0.02290310931023663,
		0.26933998689913285,
		0.1430296332929482,
		0.18819728097128854,
		0.20907137058749994,
		0.007317669105595682,
		0.023431267220729066,
		0.98979118880625,
		0.3492767228729984,
		0.07210238116185606,
		0.13339859917589586,
		0.08511722666984431,
		0.045200439257687436
	]
}